Koko_krunch_box_25g,0
Me-O Tuna in jelly can 80g,1
Daiwa dishwashing liquid lemon 160ml,2
Fun-o power 50g,3
Hand!!!!,4
obj,5
Moccona Trio Espresso 90g,6
Me-O tuna and chicken in jelly 80g,7
Moccona Trio rich and smooth 90g,8
Kellogg's corn flakes 25g,9
Clorets lemon mint 33.6g,10
Ole super sour 17.5g,11
Take-it Black,12
Take-it Red,13
Kitkat thai tea,14
Kitkat red 35g,15
Kitkat green tea 35g,16
Trident recaldent 11.2g,17
Bissin 36g,18
Soffel flora 8ml,19
Lay_ori_27g,20
Birdy robusta can 180ml,21
Lotte xylitol fresh mint 11.6g,22
Amira plum 37.5g,23
Sugus red 45g,24
Pocky chocolate 45g,25
Losan cocoa 28g,26
Shokubutsu ginkgo 100ml,27
Mentos mint 37g,28
Mentos fruit 37g,29
Mentos sour mix 37g,30
Ferrero 37.5g,31
Break 23.5g,32
Rejoice conditioner 120ml,33
Moccona Trio Gold 100g,34
Soffel fresh 80ml,35
Soffel Flora 80ml,36
Lypon-F 150ml,37
Fun-o chocolate cream 45g,38
Taokaenoi Big Sheet Classic 3.5g,39
M&M peanut 40g,40
United Almond 19g,41
Almond_Fried_56G,42
Amira_blue,43
Lotte xylitol lime mint 11.6g,44
Baby mild ultra mild 125ml,45
Pocky cookie and cream 45g,46
Pocky macha 45g,47
Baygon Lavender 12 coils,48
Abacus pink 30g,49
Abacus stick 15g,50
Abacus yellow 30g,51
Halls mentho-lyptus 22.4g,52
Hershey's creamy milk 40g,53
Dettol pro fresh 65g,54
Roller coaster cheese 28g,55
Blue Goose 13 (lol) 12 coils,56
Cream o choco plus cappucino 60g,57
Koko_krunch_cup 30g,58
Citronella mosquito repellant 75ml,59
Nescafe_blend'nbrew_espresso_157.5g,60
Dove volume conditioner 130ml,61
Oreo original 29.4g,62
Vaseline healthy white 75g,63
Cougar milk 18.9g,64
Pocky strawberry 45g,65
Ranger scout 10 coils,66
Milo nuggets 30g,67
Jolly bear 25g,68
Break SUPA 30g,69
Lush 22.4g,70
Dettol original 65g,71
Paprika 32g,72
Me-O Tuna in jelly 80g,73
Milo choco bar 15g,74
Fun-o custard 45g,75
Me-O tuna 450g,76
Losan milk 28g,77
Taokaenoi bake red 1.65g,78
Corifine C 14.4g,79
Clorets berry mint 33.6g,80
Jolly cola 25g,81
Khao shong 3 in 1 super rich 100g,82
Mirinda orange 440ml,83
Ferrero 100g,84
Ferrero 62.5g,85
Dentyne splash mint 15.2g,86
Halls rasp 22.4g,87
Halls honey 22.4g,88
Tawandang roll seaweed original 5g,89
Head and shoulder shampoo pink 150 ml,90
Protex propolis 65g,91
Benice 90ml,92
Milo serials box 25g,93
Lays BBQ 27g,94
Shokubutsu chinese milk 100ml,95
Khao shong 3 in 1 espresso 90g,96
Dentyne splash straw 15.2g,97
Tonggarden salted pistachios 40g,98
Hacks regular 18.9g,99
Tonggarden salted broad beans 90g,100
Amira tamarind 42g,101
Lays squid 27g,102
Sugus green 45g,103
Mymint ball 19.6g,104
Nescafe_blend'nbrew_rich_aroma_157.5g,105
Birdy 3 in 1 robusta 62g,106
Nescafe espresso roast can 180ml,107
Cream o vanila 45g,108
Rosdee pork 30g,109
Pipo gummy filled 70g,110
Jabjab gummy jelly soda poppu 50g,111
Haribo goldbear,112
Soffel lotion fresh 60ml,113
C-vit lemon 140 ml,114
Sponser original 250ml,115
7 select cooly fresh 350ml,116
Diamond grains original 38g,117
Dentyne ice 11.2g,118
Vanish Oxiaction 30g,119
Crystal 600ml,120
Hershey's Nugget Dark 28g,121
Mamipoko wipes Blue,122
Bennett Orange soap (6 Pack),123
Brasso 100ml,124
Lactacyd natural care 60ml,125
Darlie double action,126
Latex glue 3.5oz,127
Soffell natural spray 30ml,128
Quantum gelo plus 2 pieces,129
Dentiste plus white 50g,130
Elephant power glues 3g,131
TD protractor,132
Fruit mania pitted red dates 60g,133
Sharpie permanent marker 2CT,134
Macha arabus 200ml,135
Toppo cocoa pretzel stick 11g,136
Pentel soft erasor,137
Baby mild sweety pink 50g,138
Parrot herbel organic pink 70g,139
Chaokoh coconut milk 250ml,140
Taokeanoi seaweed big bag 12g,141
Papermate liquid 7ml,142
G-soft blue pen,143
Tong Garden Salted Almonds 35g,144
Koh-Kae Salted Peanuts 42g,145
Scotch packing tape 48mmx40m,146
Scott extra roll tissue,147
Uhu glues 8.2g,148
Staedtler eraser 2 pieces,149
Bon o bon chocolate 14g,150
Louis tape12mmx9m,151
Kids scissor school work,152
Euro cake custard,153
Sofy cooling fresh superslim 6 pieces,154
Darlie green,155
Lancer wave 0.5mm 2CT,156
Carnation 388g,157
KitKat Milktea 35g,158
KitKat Red 35g,159
Koh-kae salted peanuts 42g,160
