/media/palm/data/7/data1_green_Screen/192,0
/media/palm/data/7/data1_green_Screen/176,1
/media/palm/data/7/data1-30-9/data1/522,2
/media/palm/data/7/data1-30-9/data1/336,3
/media/palm/data/7/data1-30-9/data1/580,4
/media/palm/data/7/data1-30-9/data1/369,5
../data1/402,6
/media/palm/data/7/data1-30-9/data1/302,7
/media/palm/data/7/data1(damkoeng)/111,8
/media/palm/data/7/data1-30-9/data1/409,9
/media/palm/data/7/data1-30-9/data1/618,10
../data1/391,11
/media/palm/data/7/data1(damkoeng)/230,12
/media/palm/data/7/data1(damkoeng)/226,13
/media/palm/data/7/data1_green_Screen/162,14
/media/palm/data/7/data1_green_Screen/32,15
/media/palm/data/7/data1_green_Screen/86,16
/media/palm/data/7/data1_green_Screen/220,17
/media/palm/data/7/data1_green_Screen/113,18
/media/palm/data/7/data1(damkoeng)/134,19
../data1/365,20
/media/palm/data/7/data1_green_Screen/98,21
/media/palm/data/7/data1(damkoeng)/174,22
/media/palm/data/7/data1-30-9/data1/550,23
/media/palm/data/7/data1-30-9/data1/635,24
/media/palm/data/7/data1(damkoeng)/101,25
/media/palm/data/7/data1-30-9/data1/312,26
/media/palm/data/7/data1-30-9/data1/598,27
../data1/355,28
/media/palm/data/7/data1-30-9/data1/332,29
/media/palm/data/7/data1-30-9/data1/494,30
../data1/384,31
/media/palm/data/7/data1-30-9/data1/497,32
/media/palm/data/7/data1_green_Screen/212,33
../data1/485,34
/media/palm/data/7/data1-30-9/data1/400,35
/media/palm/data/7/data1(damkoeng)/094,36
/media/palm/data/7/data1(damkoeng)/146,37
/media/palm/data/7/data1-30-9/data1/574,38
/media/palm/data/7/data1-30-9/data1/612,39
/media/palm/data/7/data1-30-9/data1/570,40
/media/palm/data/7/data1-30-9/data1/354,41
/media/palm/data/7/data1-30-9/data1/329,42
/media/palm/data/7/data1(damkoeng)/223,43
/media/palm/data/7/data1_green_Screen/84,44
../data1/493,45
/media/palm/data/7/data1(damkoeng)/203,46
/media/palm/data/7/data1-30-9/data1/402,47
/media/palm/data/7/data1(damkoeng)/190,48
/media/palm/data/7/data1-30-9/data1/423,49
/media/palm/data/7/data1-30-9/data1/492,50
/media/palm/data/7/data1-30-9/data1/359,51
/media/palm/data/7/data1_green_Screen/25,52
/media/palm/data/7/data1(damkoeng)/238,53
/media/palm/data/7/data1-30-9/data1/407,54
/media/palm/data/7/data1-30-9/data1/430,55
../data1/480,56
/media/palm/data/7/data1-30-9/data1/463,57
/media/palm/data/7/data1(damkoeng)/106,58
/media/palm/data/7/data1(damkoeng)/241,59
/media/palm/data/7/data1(damkoeng)/231,60
/media/palm/data/7/data1-30-9/data1/405,61
/media/palm/data/7/data1(damkoeng)/074,62
../data1/399,63
../data1/440,64
/media/palm/data/7/data1_green_Screen/80,65
/media/palm/data/7/data1(damkoeng)/110,66
/media/palm/data/7/data1(damkoeng)/227,67
/media/palm/data/7/data1(damkoeng)/188,68
/media/palm/data/7/data1-30-9/data1/590,69
../data1/383,70
/media/palm/data/7/data1(damkoeng)/121,71
/media/palm/data/7/data1_green_Screen/87,72
../data1/403,73
/media/palm/data/7/data1_green_Screen/15,74
/media/palm/data/7/data1-30-9/data1/454,75
/media/palm/data/7/data1_green_Screen/99,76
/media/palm/data/7/data1(damkoeng)/102,77
/media/palm/data/7/data1-30-9/data1/415,78
/media/palm/data/7/data1-30-9/data1/501,79
/media/palm/data/7/data1_green_Screen/63,80
/media/palm/data/7/data1-30-9/data1/491,81
../data1/380,82
/media/palm/data/7/data1-30-9/data1/602,83
/media/palm/data/7/data1(damkoeng)/154,84
/media/palm/data/7/data1-30-9/data1/387,85
/media/palm/data/7/data1(damkoeng)/143,86
/media/palm/data/7/data1-30-9/data1/386,87
/media/palm/data/7/data1_green_Screen/14,88
/media/palm/data/7/data1-30-9/data1/357,89
/media/palm/data/7/data1(damkoeng)/075,90
/media/palm/data/7/data1-30-9/data1/404,91
/media/palm/data/7/data1_green_Screen/243,92
/media/palm/data/7/data1(damkoeng)/056,93
/media/palm/data/7/data1_green_Screen/226,94
../data1/366,95
/media/palm/data/7/data1_green_Screen/215,96
/media/palm/data/7/data1_green_Screen/200,97
/media/palm/data/7/data1-30-9/data1/579,98
/media/palm/data/7/data1(damkoeng)/208,99
/media/palm/data/7/data1(damkoeng)/195,100
/media/palm/data/7/data1-30-9/data1/537,101
/media/palm/data/7/data1-30-9/data1/334,102
/media/palm/data/7/data1_green_Screen/70,103
../data1/412,104
/media/palm/data/7/data1_green_Screen/160,105
/media/palm/data/7/data1_green_Screen/222,106
/media/palm/data/7/data1_green_Screen/242,107
../data1/307,108
/media/palm/data/7/data1(damkoeng)/160,109
../data1/388,110
../data1/408,111
../data1/460,112
../data1/474,113
/media/palm/data/7/data1_green_Screen/97,114
/media/palm/data/7/data1-30-9/data1/466,115
/media/palm/data/7/data1-30-9/data1/605,116
/media/palm/data/7/data1_green_Screen/156,117
/media/palm/data/7/data1(damkoeng)/165,118
/media/palm/data/7/data1_green_Screen/194,119
../data1/483,120
/media/palm/data/7/data1_green_Screen/185,121
../data1/489,122
/media/palm/data/7/data1-30-9/data1/589,123
/media/palm/data/7/data1-30-9/data1/419,124
/media/palm/data/7/data1-30-9/data1/392,125
/media/palm/data/7/data1(damkoeng)/250,126
../data1/392,127
/media/palm/data/7/data1-30-9/data1/540,128
/media/palm/data/7/data1(damkoeng)/178,129
../data1/512,130
/media/palm/data/7/data1_green_Screen/158,131
/media/palm/data/7/data1_green_Screen/65,132
/media/palm/data/7/data1_green_Screen/75,133
/media/palm/data/7/data1_green_Screen/128,134
/media/palm/data/7/data1-30-9/data1/335,135
/media/palm/data/7/data1-30-9/data1/592,136
/media/palm/data/7/data1_green_Screen/121,137
../data1/487,138
/media/palm/data/7/data1(damkoeng)/119,139
/media/palm/data/7/data1_green_Screen/43,140
/media/palm/data/7/data1-30-9/data1/458,141
/media/palm/data/7/data1-30-9/data1/584,142
../data1/418,143
/media/palm/data/7/data1(damkoeng)/073,144
/media/palm/data/7/data1-30-9/data1/397,145
../data1/455,146
/media/palm/data/7/data1(damkoeng)/217,147
/media/palm/data/7/data1(damkoeng)/221,148
/media/palm/data/7/data1-30-9/data1/506,149
/media/palm/data/7/data1(damkoeng)/166,150
/media/palm/data/7/data1-30-9/data1/578,151
/media/palm/data/7/data1(damkoeng)/204,152
/media/palm/data/7/data1-30-9/data1/343,153
/media/palm/data/7/data1-30-9/data1/606,154
/media/palm/data/7/data1-30-9/data1/306,155
/media/palm/data/7/data1_green_Screen/27,156
/media/palm/data/7/data1_green_Screen/244,157
/media/palm/data/7/data1(damkoeng)/016,158
/media/palm/data/7/data1_green_Screen/143,159
/media/palm/data/7/data1_green_Screen/19,160
/media/palm/data/7/data1(damkoeng)/093,161
/media/palm/data/7/data1(damkoeng)/024,162
/media/palm/data/7/data1-30-9/data1/510,163
/media/palm/data/7/data1(damkoeng)/159,164
/media/palm/data/7/data1-30-9/data1/548,165
/media/palm/data/7/data1-30-9/data1/383,166
/media/palm/data/7/data1-30-9/data1/555,167
/media/palm/data/7/data1_green_Screen/210,168
/media/palm/data/7/data1_green_Screen/139,169
/media/palm/data/7/data1(damkoeng)/071,170
/media/palm/data/7/data1-30-9/data1/581,171
/media/palm/data/7/data1_green_Screen/232,172
/media/palm/data/7/data1_green_Screen/201,173
/media/palm/data/7/data1-30-9/data1/464,174
/media/palm/data/7/data1_green_Screen/208,175
/media/palm/data/7/data1-30-9/data1/535,176
/media/palm/data/7/data1_green_Screen/148,177
/media/palm/data/7/data1-30-9/data1/447,178
../data1/463,179
../data1/406,180
/media/palm/data/7/data1_green_Screen/45,181
/media/palm/data/7/data1_green_Screen/38,182
../data1/382,183
/media/palm/data/7/data1-30-9/data1/517,184
/media/palm/data/7/data1-30-9/data1/499,185
/media/palm/data/7/data1-30-9/data1/418,186
../data1/461,187
/media/palm/data/7/data1-30-9/data1/440,188
../data1/326,189
/media/palm/data/7/data1-30-9/data1/647,190
/media/palm/data/7/data1-30-9/data1/475,191
/media/palm/data/7/data1_green_Screen/236,192
/media/palm/data/7/data1_green_Screen/187,193
/media/palm/data/7/data1_green_Screen/57,194
../data1/389,195
/media/palm/data/7/data1_green_Screen/238,196
/media/palm/data/7/data1-30-9/data1/591,197
../data1/508,198
/media/palm/data/7/data1-30-9/data1/449,199
/media/palm/data/7/data1-30-9/data1/398,200
/media/palm/data/7/data1_green_Screen/67,201
../data1/476,202
/media/palm/data/7/data1(damkoeng)/175,203
../data1/456,204
../data1/404,205
/media/palm/data/7/data1-30-9/data1/516,206
../data1/386,207
/media/palm/data/7/data1-30-9/data1/439,208
/media/palm/data/7/data1-30-9/data1/305,209
/media/palm/data/7/data1-30-9/data1/521,210
/media/palm/data/7/data1(damkoeng)/170,211
/media/palm/data/7/data1-30-9/data1/393,212
/media/palm/data/7/data1_green_Screen/23,213
../data1/385,214
../data1/423,215
/media/palm/data/7/data1_green_Screen/241,216
/media/palm/data/7/data1_green_Screen/85,217
../data1/396,218
/media/palm/data/7/data1-30-9/data1/338,219
/media/palm/data/7/data1_green_Screen/11,220
/media/palm/data/7/data1-30-9/data1/601,221
../data1/514,222
/media/palm/data/7/data1-30-9/data1/456,223
/media/palm/data/7/data1-30-9/data1/513,224
../data1/313,225
/media/palm/data/7/data1_green_Screen/124,226
../data1/447,227
../data1/496,228
/media/palm/data/7/data1(damkoeng)/096,229
/media/palm/data/7/data1(damkoeng)/245,230
/media/palm/data/7/data1-30-9/data1/473,231
../data1/497,232
/media/palm/data/7/data1_green_Screen/186,233
/media/palm/data/7/data1-30-9/data1/649,234
/media/palm/data/7/data1(damkoeng)/001,235
/media/palm/data/7/data1_green_Screen/173,236
/media/palm/data/7/data1-30-9/data1/538,237
/media/palm/data/7/data1-30-9/data1/358,238
/media/palm/data/7/data1-30-9/data1/512,239
/media/palm/data/7/data1-30-9/data1/583,240
/media/palm/data/7/data1-30-9/data1/500,241
/media/palm/data/7/data1(damkoeng)/076,242
/media/palm/data/7/data1(damkoeng)/220,243
/media/palm/data/7/data1(damkoeng)/140,244
/media/palm/data/7/data1_green_Screen/71,245
/media/palm/data/7/data1-30-9/data1/310,246
/media/palm/data/7/data1_green_Screen/135,247
/media/palm/data/7/data1_green_Screen/147,248
/media/palm/data/7/data1-30-9/data1/523,249
/media/palm/data/7/data1-30-9/data1/351,250
/media/palm/data/7/data1(damkoeng)/089,251
/media/palm/data/7/data1_green_Screen/190,252
/media/palm/data/7/data1(damkoeng)/193,253
/media/palm/data/7/data1-30-9/data1/545,254
/media/palm/data/7/data1_green_Screen/130,255
/media/palm/data/7/data1(damkoeng)/095,256
/media/palm/data/7/data1(damkoeng)/052,257
/media/palm/data/7/data1_green_Screen/239,258
/media/palm/data/7/data1-30-9/data1/327,259
/media/palm/data/7/data1(damkoeng)/080,260
/media/palm/data/7/data1-30-9/data1/461,261
/media/palm/data/7/data1(damkoeng)/141,262
/media/palm/data/7/data1-30-9/data1/424,263
/media/palm/data/7/data1_green_Screen/216,264
/media/palm/data/7/data1(damkoeng)/103,265
/media/palm/data/7/data1-30-9/data1/559,266
/media/palm/data/7/data1(damkoeng)/243,267
/media/palm/data/7/data1(damkoeng)/240,268
/media/palm/data/7/data1(damkoeng)/237,269
/media/palm/data/7/data1-30-9/data1/321,270
/media/palm/data/7/data1(damkoeng)/148,271
../data1/400,272
../data1/507,273
../data1/510,274
/media/palm/data/7/data1-30-9/data1/453,275
/media/palm/data/7/data1-30-9/data1/389,276
/media/palm/data/7/data1-30-9/data1/446,277
/media/palm/data/7/data1_green_Screen/145,278
../data1/409,279
/media/palm/data/7/data1_green_Screen/92,280
../data1/398,281
/media/palm/data/7/data1(damkoeng)/108,282
/media/palm/data/7/data1(damkoeng)/077,283
../data1/316,284
../data1/330,285
/media/palm/data/7/data1(damkoeng)/018,286
/media/palm/data/7/data1-30-9/data1/514,287
/media/palm/data/7/data1(damkoeng)/135,288
/media/palm/data/7/data1_green_Screen/78,289
/media/palm/data/7/data1(damkoeng)/084,290
/media/palm/data/7/data1(damkoeng)/189,291
/media/palm/data/7/data1(damkoeng)/117,292
../data1/323,293
../data1/421,294
../data1/322,295
/media/palm/data/7/data1(damkoeng)/133,296
/media/palm/data/7/data1_green_Screen/142,297
/media/palm/data/7/data1(damkoeng)/164,298
../data1/505,299
/media/palm/data/7/data1_green_Screen/29,300
../data1/490,301
/media/palm/data/7/data1(damkoeng)/157,302
/media/palm/data/7/data1-30-9/data1/472,303
/media/palm/data/7/data1-30-9/data1/582,304
../data1/375,305
/media/palm/data/7/data1_green_Screen/189,306
/media/palm/data/7/data1(damkoeng)/185,307
/media/palm/data/7/data1-30-9/data1/553,308
/media/palm/data/7/data1_green_Screen/180,309
../data1/340,310
/media/palm/data/7/data1_green_Screen/20,311
../data1/407,312
/media/palm/data/7/data1_green_Screen/53,313
/media/palm/data/7/data1-30-9/data1/348,314
/media/palm/data/7/data1(damkoeng)/059,315
/media/palm/data/7/data1_green_Screen/101,316
/media/palm/data/7/data1_green_Screen/74,317
/media/palm/data/7/data1_green_Screen/193,318
../data1/415,319
../data1/481,320
/media/palm/data/7/data1-30-9/data1/374,321
../data1/417,322
../data1/491,323
/media/palm/data/7/data1-30-9/data1/608,324
/media/palm/data/7/data1_green_Screen/218,325
../data1/311,326
/media/palm/data/7/data1-30-9/data1/609,327
/media/palm/data/7/data1-30-9/data1/341,328
/media/palm/data/7/data1-30-9/data1/604,329
/media/palm/data/7/data1_green_Screen/79,330
/media/palm/data/7/data1(damkoeng)/168,331
/media/palm/data/7/data1-30-9/data1/478,332
../data1/335,333
../data1/309,334
/media/palm/data/7/data1-30-9/data1/450,335
../data1/492,336
/media/palm/data/7/data1_green_Screen/164,337
/media/palm/data/7/data1_green_Screen/146,338
/media/palm/data/7/data1-30-9/data1/457,339
../data1/377,340
/media/palm/data/7/data1_green_Screen/72,341
/media/palm/data/7/data1(damkoeng)/147,342
/media/palm/data/7/data1(damkoeng)/169,343
/media/palm/data/7/data1_green_Screen/64,344
/media/palm/data/7/data1(damkoeng)/212,345
/media/palm/data/7/data1_green_Screen/112,346
../data1/509,347
../data1/319,348
/media/palm/data/7/data1_green_Screen/89,349
../data1/303,350
/media/palm/data/7/data1_green_Screen/203,351
../data1/486,352
/media/palm/data/7/data1-30-9/data1/330,353
/media/palm/data/7/data1-30-9/data1/628,354
/media/palm/data/7/data1_green_Screen/68,355
/media/palm/data/7/data1-30-9/data1/373,356
/media/palm/data/7/data1-30-9/data1/502,357
/media/palm/data/7/data1_green_Screen/62,358
../data1/410,359
/media/palm/data/7/data1_green_Screen/227,360
/media/palm/data/7/data1-30-9/data1/511,361
/media/palm/data/7/data1(damkoeng)/239,362
/media/palm/data/7/data1(damkoeng)/171,363
/media/palm/data/7/data1(damkoeng)/070,364
/media/palm/data/7/data1(damkoeng)/097,365
/media/palm/data/7/data1_green_Screen/54,366
/media/palm/data/7/data1_green_Screen/102,367
../data1/466,368
/media/palm/data/7/data1(damkoeng)/078,369
/media/palm/data/7/data1_green_Screen/66,370
/media/palm/data/7/data1_green_Screen/159,371
/media/palm/data/7/data1_green_Screen/93,372
/media/palm/data/7/data1(damkoeng)/079,373
/media/palm/data/7/data1(damkoeng)/088,374
/media/palm/data/7/data1-30-9/data1/399,375
/media/palm/data/7/data1_green_Screen/120,376
/media/palm/data/7/data1-30-9/data1/627,377
/media/palm/data/7/data1(damkoeng)/114,378
/media/palm/data/7/data1(damkoeng)/072,379
/media/palm/data/7/data1-30-9/data1/396,380
/media/palm/data/7/data1_green_Screen/122,381
/media/palm/data/7/data1-30-9/data1/547,382
/media/palm/data/7/data1-30-9/data1/381,383
../data1/367,384
../data1/405,385
/media/palm/data/7/data1-30-9/data1/342,386
../data1/368,387
../data1/516,388
/media/palm/data/7/data1-30-9/data1/437,389
/media/palm/data/7/data1-30-9/data1/339,390
/media/palm/data/7/data1_green_Screen/205,391
/media/palm/data/7/data1-30-9/data1/648,392
/media/palm/data/7/data1(damkoeng)/197,393
/media/palm/data/7/data1(damkoeng)/246,394
/media/palm/data/7/data1_green_Screen/230,395
../data1/433,396
/media/palm/data/7/data1(damkoeng)/216,397
../data1/300,398
/media/palm/data/7/data1-30-9/data1/480,399
../data1/327,400
/media/palm/data/7/data1-30-9/data1/546,401
/media/palm/data/7/data1_green_Screen/115,402
/media/palm/data/7/data1_green_Screen/125,403
/media/palm/data/7/data1(damkoeng)/155,404
/media/palm/data/7/data1-30-9/data1/375,405
/media/palm/data/7/data1-30-9/data1/572,406
../data1/321,407
../data1/371,408
/media/palm/data/7/data1(damkoeng)/8850029013206,409
/media/palm/data/7/data1-30-9/data1/428,410
/media/palm/data/7/data1_green_Screen/91,411
/media/palm/data/7/data1(damkoeng)/118,412
/media/palm/data/7/data1-30-9/data1/504,413
../data1/363,414
/media/palm/data/7/data1(damkoeng)/211,415
../data1/317,416
../data1/506,417
/media/palm/data/7/data1(damkoeng)/046,418
/media/palm/data/7/data1-30-9/data1/451,419
../data1/306,420
../data1/482,421
../data1/430,422
/media/palm/data/7/data1_green_Screen/110,423
/media/palm/data/7/data1-30-9/data1/340,424
../data1/376,425
/media/palm/data/7/data1_green_Screen/83,426
/media/palm/data/7/data1_green_Screen/90,427
/media/palm/data/7/data1_green_Screen/165,428
/media/palm/data/7/data1-30-9/data1/462,429
/media/palm/data/7/data1-30-9/data1/505,430
/media/palm/data/7/data1_green_Screen/231,431
/media/palm/data/7/data1-30-9/data1/476,432
/media/palm/data/7/data1_green_Screen/167,433
/media/palm/data/7/data1-30-9/data1/384,434
/media/palm/data/7/data1-30-9/data1/567,435
/media/palm/data/7/data1-30-9/data1/362,436
/media/palm/data/7/data1(damkoeng)/142,437
/media/palm/data/7/data1-30-9/data1/467,438
/media/palm/data/7/data1_green_Screen/144,439
/media/palm/data/7/data1-30-9/data1/471,440
/media/palm/data/7/data1(damkoeng)/065,441
/media/palm/data/7/data1_green_Screen/191,442
/media/palm/data/7/data1-30-9/data1/366,443
/media/palm/data/7/data1_green_Screen/04,444
../data1/370,445
/media/palm/data/7/data1-30-9/data1/626,446
/media/palm/data/7/data1-30-9/data1/465,447
/media/palm/data/7/data1-30-9/data1/378,448
/media/palm/data/7/data1(damkoeng)/156,449
../data1/305,450
../data1/397,451
/media/palm/data/7/data1(damkoeng)/017,452
/media/palm/data/7/data1(damkoeng)/248,453
/media/palm/data/7/data1_green_Screen/37,454
/media/palm/data/7/data1_green_Screen/126,455
/media/palm/data/7/data1(damkoeng)/138,456
/media/palm/data/7/data1-30-9/data1/385,457
../data1/471,458
/media/palm/data/7/data1-30-9/data1/356,459
/media/palm/data/7/data1_green_Screen/39,460
/media/palm/data/7/data1-30-9/data1/412,461
/media/palm/data/7/data1-30-9/data1/434,462
../data1/501,463
/media/palm/data/7/data1(damkoeng)/116,464
/media/palm/data/7/data1(damkoeng)/214,465
/media/palm/data/7/data1(damkoeng)/100,466
/media/palm/data/7/data1-30-9/data1/442,467
/media/palm/data/7/data1(damkoeng)/151,468
/media/palm/data/7/data1_green_Screen/155,469
/media/palm/data/7/data1_green_Screen/105,470
../data1/494,471
/media/palm/data/7/data1-30-9/data1/552,472
/media/palm/data/7/data1-30-9/data1/421,473
/media/palm/data/7/data1(damkoeng)/022,474
../data1/346,475
/media/palm/data/7/data1_green_Screen/69,476
/media/palm/data/7/data1-30-9/data1/526,477
/media/palm/data/7/data1-30-9/data1/364,478
../data1/373,479
/media/palm/data/7/data1_green_Screen/116,480
/media/palm/data/7/data1_green_Screen/117,481
../data1/503,482
/media/palm/data/7/data1(damkoeng)/163,483
/media/palm/data/7/data1-30-9/data1/479,484
../data1/393,485
../data1/328,486
/media/palm/data/7/data1-30-9/data1/368,487
/media/palm/data/7/data1-30-9/data1/586,488
/media/palm/data/7/data1(damkoeng)/025,489
/media/palm/data/7/data1(damkoeng)/167,490
/media/palm/data/7/data1(damkoeng)/229,491
/media/palm/data/7/data1-30-9/data1/452,492
/media/palm/data/7/data1_green_Screen/166,493
/media/palm/data/7/data1-30-9/data1/531,494
/media/palm/data/7/data1_green_Screen/199,495
/media/palm/data/7/data1(damkoeng)/040,496
../data1/434,497
/media/palm/data/7/data1_green_Screen/141,498
/media/palm/data/7/data1_green_Screen/103,499
/media/palm/data/7/data1_green_Screen/221,500
/media/palm/data/7/data1-30-9/data1/365,501
../data1/337,502
/media/palm/data/7/data1(damkoeng)/092,503
../data1/341,504
../data1/379,505
/media/palm/data/7/data1-30-9/data1/395,506
/media/palm/data/7/data1-30-9/data1/420,507
/media/palm/data/7/data1-30-9/data1/448,508
/media/palm/data/7/data1-30-9/data1/515,509
/media/palm/data/7/data1_green_Screen/108,510
/media/palm/data/7/data1_green_Screen/10,511
../data1/504,512
/media/palm/data/7/data1-30-9/data1/556,513
/media/palm/data/7/data1-30-9/data1/498,514
/media/palm/data/7/data1_green_Screen/76,515
/media/palm/data/7/data1-30-9/data1/319,516
../data1/395,517
/media/palm/data/7/data1(damkoeng)/177,518
/media/palm/data/7/data1(damkoeng)/031,519
../data1/304,520
../data1/331,521
/media/palm/data/7/data1_green_Screen/171,522
/media/palm/data/7/data1_green_Screen/154,523
/media/palm/data/7/data1(damkoeng)/153,524
/media/palm/data/7/data1_green_Screen/21,525
../data1/472,526
/media/palm/data/7/data1-30-9/data1/640,527
/media/palm/data/7/data1-30-9/data1/433,528
/media/palm/data/7/data1-30-9/data1/379,529
/media/palm/data/7/data1_green_Screen/219,530
/media/palm/data/7/data1(damkoeng)/180,531
/media/palm/data/7/data1(damkoeng)/150,532
/media/palm/data/7/data1-30-9/data1/527,533
/media/palm/data/7/data1_green_Screen/233,534
/media/palm/data/7/data1(damkoeng)/242,535
/media/palm/data/7/data1_green_Screen/234,536
/media/palm/data/7/data1(damkoeng)/244,537
/media/palm/data/7/data1-30-9/data1/326,538
/media/palm/data/7/data1(damkoeng)/144,539
../data1/318,540
../data1/329,541
../data1/336,542
/media/palm/data/7/data1(damkoeng)/130,543
/media/palm/data/7/data1_green_Screen/104,544
/media/palm/data/7/data1_green_Screen/52,545
../data1/387,546
/media/palm/data/7/data1(damkoeng)/099,547
/media/palm/data/7/data1-30-9/data1/320,548
/media/palm/data/7/data1-30-9/data1/469,549
../data1/308,550
/media/palm/data/7/data1(damkoeng)/234,551
/media/palm/data/7/data1-30-9/data1/493,552
/media/palm/data/7/data1_green_Screen/140,553
/media/palm/data/7/data1(damkoeng)/202,554
/media/palm/data/7/data1(damkoeng)/051,555
../data1/310,556
/media/palm/data/7/data1-30-9/data1/328,557
/media/palm/data/7/data1_green_Screen/46,558
/media/palm/data/7/data1_green_Screen/133,559
/media/palm/data/7/data1-30-9/data1/460,560
../data1/484,561
../data1/419,562
../data1/314,563
/media/palm/data/7/data1(damkoeng)/224,564
/media/palm/data/7/data1_green_Screen/109,565
/media/palm/data/7/data1_green_Screen/182,566
/media/palm/data/7/data1(damkoeng)/014,567
/media/palm/data/7/data1_green_Screen/209,568
/media/palm/data/7/data1-30-9/data1/585,569
../data1/420,570
/media/palm/data/7/data1_green_Screen/131,571
../data1/312,572
/media/palm/data/7/data1-30-9/data1/438,573
/media/palm/data/7/data1(damkoeng)/236,574
/media/palm/data/7/data1_green_Screen/211,575
/media/palm/data/7/data1-30-9/data1/495,576
/media/palm/data/7/data1(damkoeng)/179,577
/media/palm/data/7/data1-30-9/data1/551,578
../data1/390,579
/media/palm/data/7/data1-30-9/data1/322,580
/media/palm/data/7/data1_green_Screen/127,581
/media/palm/data/7/data1-30-9/data1/619,582
/media/palm/data/7/data1-30-9/data1/575,583
/media/palm/data/7/data1(damkoeng)/098,584
/media/palm/data/7/data1-30-9/data1/441,585
/media/palm/data/7/data1_green_Screen/107,586
/media/palm/data/7/data1_green_Screen/36,587
/media/palm/data/7/data1_green_Screen/198,588
../data1/356,589
/media/palm/data/7/data1-30-9/data1/459,590
/media/palm/data/7/data1_green_Screen/228,591
../data1/381,592
/media/palm/data/7/data1(damkoeng)/8851932266468,593
/media/palm/data/7/data1-30-9/data1/568,594
/media/palm/data/7/data1_green_Screen/225,595
/media/palm/data/7/data1-30-9/data1/301,596
/media/palm/data/7/data1_green_Screen/217,597
/media/palm/data/7/data1_green_Screen/240,598
../data1/315,599
/media/palm/data/7/data1-30-9/data1/372,600
/media/palm/data/7/data1_green_Screen/129,601
../data1/478,602
/media/palm/data/7/data1-30-9/data1/569,603
/media/palm/data/7/data1(damkoeng)/104,604
../data1/324,605
../data1/344,606
/media/palm/data/7/data1(damkoeng)/049,607
../data1/425,608
../data1/469,609
/media/palm/data/7/data1_green_Screen/213,610
/media/palm/data/7/data1_green_Screen/137,611
../data1/513,612
/media/palm/data/7/data1(damkoeng)/152,613
/media/palm/data/7/data1(damkoeng)/050,614
/media/palm/data/7/data1-30-9/data1/391,615
/media/palm/data/7/data1_green_Screen/161,616
/media/palm/data/7/data1-30-9/data1/323,617
../data1/320,618
/media/palm/data/7/data1_green_Screen/224,619
/media/palm/data/7/data1(damkoeng)/249,620
/media/palm/data/7/data1_green_Screen/35,621
/media/palm/data/7/data1(damkoeng)/131,622
/media/palm/data/7/data1-30-9/data1/349,623
/media/palm/data/7/data1-30-9/data1/388,624
../data1/511,625
/media/palm/data/7/data1-30-9/data1/650,626
/media/palm/data/7/data1-30-9/data1/325,627
/media/palm/data/7/data1_green_Screen/114,628
/media/palm/data/7/data1(damkoeng)/015,629
../data1/414,630
../data1/302,631
/media/palm/data/7/data1-30-9/data1/410,632
/media/palm/data/7/data1(damkoeng)/105,633
/media/palm/data/7/data1-30-9/data1/611,634
../data1/325,635
../data1/441,636
/media/palm/data/7/data1_green_Screen/134,637
/media/palm/data/7/data1_green_Screen/206,638
/media/palm/data/7/data1(damkoeng)/034,639
/media/palm/data/7/data1(damkoeng)/107,640
../data1/332,641
/media/palm/data/7/data1(damkoeng)/173,642
/media/palm/data/7/data1-30-9/data1/557,643
/media/palm/data/7/data1-30-9/data1/324,644
../data1/413,645
../data1/394,646
../data1/442,647
/media/palm/data/7/data1-30-9/data1/474,648
/media/palm/data/7/data1(damkoeng)/115,649
/media/palm/data/7/data1-30-9/data1/488,650
/media/palm/data/7/data1-30-9/data1/566,651
/media/palm/data/7/data1(damkoeng)/228,652
/media/palm/data/7/data1(damkoeng)/045,653
/media/palm/data/7/data1-30-9/data1/599,654
/media/palm/data/7/data1-30-9/data1/445,655
/media/palm/data/7/data1-30-9/data1/468,656
../data1/488,657
/media/palm/data/7/data1(damkoeng)/213,658
/media/palm/data/7/data1(damkoeng)/086,659
/media/palm/data/7/data1-30-9/data1/470,660
/media/palm/data/7/data1-30-9/data1/549,661
/media/palm/data/7/data1_green_Screen/229,662
../data1/333,663
/media/palm/data/7/data1(damkoeng)/192,664
../data1/357,665
/media/palm/data/7/data1-30-9/data1/571,666
/media/palm/data/7/data1(damkoeng)/232,667
/media/palm/data/7/data1-30-9/data1/524,668
/media/palm/data/7/data1-30-9/data1/597,669
/media/palm/data/7/data1-30-9/data1/477,670
/media/palm/data/7/data1-30-9/data1/563,671
/media/palm/data/7/data1(damkoeng)/112,672
/media/palm/data/7/data1-30-9/data1/303,673
/media/palm/data/7/data1(damkoeng)/021,674
/media/palm/data/7/data1(damkoeng)/145,675
/media/palm/data/7/data1(damkoeng)/058,676
/media/palm/data/7/data1-30-9/data1/588,677
/media/palm/data/7/data1-30-9/data1/406,678
/media/palm/data/7/data1-30-9/data1/411,679
/media/palm/data/7/data1_green_Screen/235,680
/media/palm/data/7/data1_green_Screen/24,681
../data1/334,682
/media/palm/data/7/data1_green_Screen/111,683
../data1/301,684
/media/palm/data/7/data1-30-9/data1/565,685
/media/palm/data/7/data1-30-9/data1/496,686
/media/palm/data/7/data1(damkoeng)/247,687
/media/palm/data/7/data1(damkoeng)/109,688
/media/palm/data/7/data1(damkoeng)/091,689
/media/palm/data/7/data1-30-9/data1/333,690
/media/palm/data/7/data1_green_Screen/170,691
/media/palm/data/7/data1-30-9/data1/596,692
/media/palm/data/7/data1_green_Screen/153,693
/media/palm/data/7/data1-30-9/data1/390,694
/media/palm/data/7/data1-30-9/data1/554,695
/media/palm/data/7/data1_green_Screen/31,696
../data1/479,697
/media/palm/data/7/data1-30-9/data1/331,698
/media/palm/data/7/data1-30-9/data1/573,699
/media/palm/data/7/data1-30-9/data1/503,700
../data1/411,701
/media/palm/data/7/data1(damkoeng)/113,702
/media/palm/data/7/data1(damkoeng)/225,703
/media/palm/data/7/data1-30-9/data1/490,704
/media/palm/data/7/data1(damkoeng)/233,705
/media/palm/data/7/data1(damkoeng)/136,706
/media/palm/data/7/data1_green_Screen/184,707
/media/palm/data/7/data1(damkoeng)/215,708
/media/palm/data/7/data1(damkoeng)/218,709
../data1/416,710
/media/palm/data/7/data1_green_Screen/18,711
/media/palm/data/7/data1-30-9/data1/394,712
../data1/369,713
/media/palm/data/7/data1_green_Screen/13,714
/media/palm/data/7/data1-30-9/data1/300,715
/media/palm/data/7/data1(damkoeng)/061,716
/media/palm/data/7/data1-30-9/data1/600,717
/media/palm/data/7/data1-30-9/data1/313,718
../data1/401,719
/media/palm/data/7/data1_green_Screen/123,720
