name,300_hershey,300_Ferrero
Ferrero 100g,308,300
KitKat Rose,319,301
Clorets cool berry mint,402,302
Quanta Break,316,303
cathy doll 3in1,345,304
Garnier White Speed Night Yoghurt,343,305
cathy doll cc,347,306
L'OREAL PARIS Day,348,307
L'OREAL PARIS Night,354,308
POND'S GlitterGlow Cream,340,309
POND'S GlitterGlow Mask,339,310
POND'S White Beauty Instabright,341,311
SISTAR EE,349,312
Cathy Doll Super girl,338,313
ROJUKISS acne,353,314
OLAY Natural White Ageless,351,315
Garnier Skin Naturals Light Complete,342,316
OLAY Natural White Pink,352,317
OLAY Total White,350,318
Cathy Doll Ready 2 White,346,319
M&M peanut 14.5g,321,320
Garnier Skin Sakura White,344,321
kitkat cocoa plan choc,317,322
KitKat Milk Tea,318,323
Abacus Yellow,327,325
Abacus Pink,326,326
Quanta Break Supa,315,327
M&M peanut 40g,322,328
KitKat Green Tea,320,329
Crunch Wafer,314,330
Hershey's Creamy Milk Chocolate Coklat,328,331
Abacus tube,363,332
Golden Coin Choc,433,333
Almond Fried,442,334
Ferrero 62.5g,307,335
Ferrero 37.5g,306,336
cathy doll cc powder,355,337
mistine cupcake,358,338
Euro big bloom,441,339
Mistine Cosmo plus,357,340
almond bar,417,341
SASI Oil Control Powder,359,342
Srichand Translucent Powder,356,343
Lotte Fusen No Mi Bluberry,365,344
Lotte Fusen No Mi Cola Lemon,368,345
Roscela Whistle Cola Flavoured Candy,360,346
Dipper Grape Flavour,364,347
คูก้า ลูกอมรสนมเปรี้ยว โยเกิร์ต,421,349
ลูกอมรสมินต์ มายมิ้นท์,440,351
Roscela Mini Koala,362,352
Push Pop Candy Orange,361,353
Lollipop Cola Pop ZH,388,357
ฮอลล์ ลูกอมสอดไส้กลิ่นราสพ์เบอร์รี,374,358
My Chewy Milk Candy Strawberry Flavor,380,359
ซูกัส red,382,360
dynamite,392,364
Hitto Double Layer Cool Chewy Candy,394,365
My Chewy Milk Candy Watermelon Flavour,379,366
TwinKie,410,367
Clorets Lemon Mint,400,368
OLE' Strawberry 19.6g,383,369
Hacks Regular,386,370
ฮาร์ทบีทจัมโบ้ สอดไส้น้ำเชื่อมกลิ่นลิ้นจี่,370,371
Clorets Clear Mint,401,372
ฮอลล์ ลูกอมสอดไส้กลิ่นเฟรชไลม์,378,373
ซูกัส green,398,374
Clorets Original Mint,399,375
jack'n jill lush,387,376
OLE' Super Sour Strawberry Lime,385,377
ลูกอมคอริฟิน ซี คลาสสิค,397,379
My mint ball,391,380
Dairy Farm Mini Milk Tablet Vanilla Flavour,409,381
Hall honey lemon 28g,376,382
amira makam,390,383
amira plum,389,384
halls mentho lyptus candy 28g,372,385
Heartbeat straw,369,386
halls fresh lime 22.4g,377,387
halls mentho lyptus candy 22.4g,371,388
halls honey lemon 22.4g,375,389
halls raspberry 22.4g,373,390
OLE beauty,403,391
botan super lemon,405,392
mentos sour mix,408,393
mentos fruite flavour,406,394
mentos mint,407,395
Roscela Gummi Ice,411,396
drop pop,414,399
flip pop,412,400
เรนเจอร์ สเก้าท์ ที กลิ่นแซนดัลวู้ด,505,479
ยากันยุง ห่านฟ้า 13,504,480
ไบกอน ยากันยุง กลิ่นดอกลาเวนเดอร์,503,481
ซอฟเฟล โลชั่นทากันยุง กลิ่นฟลอร่า,499,482
ซอฟเฟล โลชั่นทากันยุง กลิ่นเฟรช,498,483
ซอฟเฟล สเปรย์กันยุง กลิ่นฟลอร่า,497,484
ซอฟเฟล สเปรย์กันยุง กลิ่นเฟรช,502,485
ซอฟเฟล สเปรย์กันยุง เนเชอรัล,496,486
ไลปอนเอฟ ผลิตภัณฑ์ล้างจาน,500,487
ซอฟเฟล โลชั่นทากันยุง กลิ่นฟลอร่า แบบซอง,501,488
ไดวา ผลิตภัณฑ์ล้างจาน,495,489
ซันไลต์ เลมอน เทอร์โบ (ถุง),492,490
ไดวา ผลิตภัณฑ์ล้างจาน (ถุง),491,491
มาจิคลีน  พื้น กลิ่นลิลลี่ บูเก้ (ถุง),493,492
โทมิ ทำความสะอาดพื้น กลิ่นสปริงซากุระ (ถุง),494,493
ไฟน์ไลน์ ปรับผ้านุ่ม Pink Flaral (ถุง),483,494
คอมฟอร์ท กลิ่นดอกไม้หอมยามเช้า (ถุง),480,495
น้ำยาปรับผ้านุ่มไฮคลาส กลิ่น Hana pinke' (ถุง),484,496
คอมฟอร์ท กลิ่นหอมผ่อนคลาย (ถุง),485,497
ดาวน์นี่ กลิ่นหอมสดชื่นยามเช้า (ถุง),488,498
ไฟน์ไลน์ สเปรย์หอมรีดผ้าเรียบ lively Green (ถุง),479,499
ดาวน์นี่ แพชชั่น (ถุง),489,500
ดาวน์นี่ แดร์นิ่ง (ถุง),490,501
ดาวน์นี่ สวนดอกไม้ผลิ (ถุง),486,503
คอมฟอร์ท อัลตร้า ปรับผ้านุ่ม (ถุง),487,504
ไฟน์ไลน์ ปรับผ้านุ่ม Aramatic Flaral (ถุง),482,505
แถมฟรี ไฮยีน ขจัดคราบ กลิ่นพิ้งค์ บลอสซั่ม,478,506
สเปรย์ตะไคร้หอมกันยุง,477,507
ซอฟเฟล สเปรย์กันยุง เนเชอรัล 30มล.,475,508
ซอฟเฟล สเปรย์กันยุง กลิ่นฟลอร่า 30มล.,476,509
ไฮเตอร์ ซักผ้าขาว สมน้ำหอม (ขวด),515,521
ไฮเตอร์ คัลเลอร์ น้ำ (ขวด),516,522
เป็ดโปรห้องน้ำ1,514,523
เป็ดโปรห้องน้ำ1 450มล.,513,524
บรีส เพาเวอร์ เฟรช แอนด์ บลูม 700ก.,508,538
บรีส เพาเวอร์ สวีท ฟลาวเวอร์ 350ก.,512,539
เปา ซิลเวอร์ นาโน XPERT 800ก.,511,540
โอโม 430ก.,510,541
บรีส เอกเซล 600ก.,507,542
แอทแทค อีซี่ ชมพู 450ก.,509,543
โอโม พลัส แอนตี้แบค 210ก.,506,544
